num_fila,wall_time-s,user_time-s,sys_time-s,cpu_total-s,percent_cpu,mem_rss-kb
6,0.002673,0.002437,0.000000,0.002437,91.2,1176
5,0.002167,0.001983,0.000000,0.001983,91.5,1176
2,0.001307,0.000000,0.001046,0.001046,80.0,1840
4,0.001771,0.000000,0.001603,0.001603,90.5,1840
6,0.002303,0.000000,0.002124,0.002124,92.2,1840
4,0.003894,0.000000,0.003886,0.003886,99.8,1840
