archivo,wall_time-s,user_time-s,sys_time-s,cpu_total-s,percent_cpu,mem_rss-kb
./pruebas/56.txt,0.001786,0.001767,0.000000,0.001767,98.9,2264
./pruebas/10.txt,0.001314,0.001252,0.000000,0.001252,95.3,2264
./pruebas/75.txt,0.000946,0.000668,0.000000,0.000668,70.6,2264
./pruebas/247.txt,0.001542,0.000000,0.001450,0.001450,94.0,2264
./pruebas/15.txt,0.002938,0.000000,0.002812,0.002812,95.7,2264
./pruebas/0.txt,0.002803,0.000000,0.002339,0.002339,83.4,2264
