archivo,wall_time-s,user_time-s,sys_time-s,cpu_total-s,percent_cpu,mem_rss-kb
./pruebas/0.txt,0.173913,0.004567,0.169346,0.173913,2.63,942
./pruebas/0.txt,0.143846,0.004678,0.139168,0.143846,3.25,942
./pruebas/0.txt,0.159831,0.010836,0.148996,0.159831,6.78,942
