archivo,wall_time-s,user_time-s,sys_time-s,cpu_total-s,percent_cpu,mem_rss-kb
./pruebas/0.txt,0.022489,0.000967,0.021522,0.022489,4.30,860
./pruebas/15.txt,0.006662,0.000946,0.005716,0.006662,14.20,40
./pruebas/10.txt,0.005212,0.001389,0.003824,0.005212,26.64,40
./pruebas/56.txt,0.005528,0.000837,0.004691,0.005528,15.14,40